{
  "avg_context_relevance": 0.25000000000000006,
  "avg_context_coverage": 0.16666666666666666,
  "avg_context_noise_level": 0.29166666666666663,
  "avg_simple_retriever_score": 0.16666666666666666,
  "avg_response_accuracy": 0.43333333333333335,
  "avg_response_completeness": 0.40833333333333327,
  "avg_response_relevance": 0.7000000000000001,
  "avg_response_conciseness": 0.8083333333333335,
  "avg_response_overall": 0.5891666666666666,
  "std_context_relevance": 0.24308621740219893,
  "std_response_overall": 0.16913998147491127,
  "excellent_responses": 0.16666666666666666,
  "good_responses": 0.5,
  "poor_responses": 0.3333333333333333,
  "avg_chunks_retrieved": 5.0,
  "avg_sources_used": 1.0
}