{
  "avg_context_relevance": 0.5818181818181818,
  "avg_context_coverage": 0.4666666666666666,
  "avg_context_noise_level": 0.4575757575757576,
  "avg_simple_retriever_score": 0.48181818181818176,
  "avg_response_accuracy": 0.3878787878787879,
  "avg_response_completeness": 0.3242424242424242,
  "avg_response_relevance": 0.7030303030303031,
  "avg_response_conciseness": 0.796969696969697,
  "avg_response_overall": 0.5534848484848485,
  "std_context_relevance": 0.250567537620281,
  "std_response_overall": 0.1420743909920348,
  "excellent_responses": 0.06060606060606061,
  "good_responses": 0.45454545454545453,
  "poor_responses": 0.48484848484848486,
  "avg_chunks_retrieved": 5.0,
  "avg_sources_used": 1.0
}