{
  "avg_context_relevance": 0.5333333333333333,
  "avg_context_coverage": 0.4083333333333334,
  "avg_context_noise_level": 0.47500000000000003,
  "avg_simple_retriever_score": 0.5,
  "avg_response_accuracy": 0.5916666666666667,
  "avg_response_completeness": 0.5666666666666667,
  "avg_response_relevance": 0.8333333333333335,
  "avg_response_conciseness": 0.8666666666666668,
  "avg_response_overall": 0.7162499999999999,
  "std_context_relevance": 0.27080128015453203,
  "std_response_overall": 0.2084152869109697,
  "excellent_responses": 0.3333333333333333,
  "good_responses": 0.5,
  "poor_responses": 0.16666666666666666,
  "avg_chunks_retrieved": 5.0,
  "avg_sources_used": 1.0
}