{
  "avg_context_relevance": 0.5499999999999999,
  "avg_context_coverage": 0.425,
  "avg_context_noise_level": 0.525,
  "avg_simple_retriever_score": 0.5,
  "avg_response_accuracy": 0.9250000000000002,
  "avg_response_completeness": 0.8416666666666667,
  "avg_response_relevance": 0.9500000000000001,
  "avg_response_conciseness": 0.9500000000000001,
  "avg_response_overall": 0.9183333333333334,
  "std_context_relevance": 0.26111648393354675,
  "std_response_overall": 0.07030237721744724,
  "excellent_responses": 1.0,
  "good_responses": 0.0,
  "poor_responses": 0.0,
  "avg_chunks_retrieved": 5.0,
  "avg_sources_used": 1.0
}