{
  "avg_context_relevance": 0.25000000000000006,
  "avg_context_coverage": 0.15833333333333335,
  "avg_context_noise_level": 0.35833333333333334,
  "avg_simple_retriever_score": 0.17500000000000004,
  "avg_response_accuracy": 0.9,
  "avg_response_completeness": 0.7833333333333333,
  "avg_response_relevance": 0.8916666666666667,
  "avg_response_conciseness": 0.9333333333333335,
  "avg_response_overall": 0.8787500000000001,
  "std_context_relevance": 0.23931721056523975,
  "std_response_overall": 0.0361263565331966,
  "excellent_responses": 1.0,
  "good_responses": 0.0,
  "poor_responses": 0.0,
  "avg_chunks_retrieved": 5.0,
  "avg_sources_used": 1.0
}