{
  "avg_context_relevance": 0.5939393939393941,
  "avg_context_coverage": 0.4696969696969697,
  "avg_context_noise_level": 0.4636363636363636,
  "avg_simple_retriever_score": 0.37575757575757573,
  "avg_response_accuracy": 0.8939393939393939,
  "avg_response_completeness": 0.787878787878788,
  "avg_response_relevance": 0.9212121212121211,
  "avg_response_conciseness": 0.9363636363636363,
  "avg_response_overall": 0.8857575757575757,
  "std_context_relevance": 0.25852876283330883,
  "std_response_overall": 0.0574744673219282,
  "excellent_responses": 1.0,
  "good_responses": 0.0,
  "poor_responses": 0.0,
  "avg_chunks_retrieved": 5.0,
  "avg_sources_used": 1.0
}